{
  "segment_id": "skill_002_kick_leg",
  "segment_type": "skill",
  "skill_name": "kick_leg",
  "success": true,
  "num_frames": 310,
  "source_motion_path": "assets/motions/airkick_stand.pkl",
  "start_frame": 14,
  "end_frame": 200,
  "target_duration": null,
  "transition_type": null,
  "from_skill": null,
  "to_skill": null,
  "failed_reason": null,
  "final_root_pos": [
    1.7605130672454834,
    -1.8706234693527222,
    0.7779628038406372
  ],
  "metrics": {
    "maje": 0.089145228266716,
    "root_height_error": 0.01704310066998005,
    "root_pos_error": 0.13689278066158295,
    "root_rot_error": 0.11093279719352722,
    "velocity_error": 0.1703176647424698,
    "accel_error": 2.1755435466766357,
    "success_margin": 0.5014252543449402,
    "phase_lag_frame": 15,
    "num_steps": 310
  },
  "transition_metrics": null
}