{
  "segment_id": "transition_001_walk_forward_to_kick_leg_body",
  "segment_type": "transition",
  "skill_name": null,
  "success": true,
  "num_frames": 403,
  "source_motion_path": "assets/motions/walk_stand.pkl",
  "start_frame": 0,
  "end_frame": 222,
  "target_duration": null,
  "transition_type": "bridge_body",
  "from_skill": "walk_forward",
  "to_skill": "kick_leg",
  "failed_reason": null,
  "final_root_pos": [
    1.6451903581619263,
    -1.7475026845932007,
    0.7859707474708557
  ],
  "metrics": {
    "maje": 0.06255869567394257,
    "root_height_error": 0.005975513719022274,
    "root_pos_error": 0.26880979537963867,
    "root_rot_error": 0.12750160694122314,
    "velocity_error": 0.1445821225643158,
    "accel_error": 1.6330126523971558,
    "success_margin": 0.5493157982826233,
    "phase_lag_frame": 1,
    "num_steps": 403
  },
  "transition_metrics": null
}