{
  "segment_id": "transition_002_kick_leg_to_crouch_down",
  "segment_type": "transition",
  "skill_name": null,
  "success": true,
  "num_frames": 20,
  "source_motion_path": null,
  "start_frame": null,
  "end_frame": null,
  "target_duration": null,
  "transition_type": "interpolation",
  "from_skill": "kick_leg",
  "to_skill": "crouch_down",
  "failed_reason": null,
  "final_root_pos": [
    1.8270149230957031,
    -1.621932864189148,
    0.7800074815750122
  ],
  "metrics": {
    "maje": 0.05944424122571945,
    "root_height_error": 0.007819319143891335,
    "root_pos_error": 0.009597958996891975,
    "root_rot_error": 0.033291351050138474,
    "velocity_error": 0.055823277682065964,
    "accel_error": 0.7172426581382751,
    "success_margin": 0.5776385545730591,
    "phase_lag_frame": -15,
    "num_steps": 20
  },
  "transition_metrics": {
    "seam_vel_delta": 0.016370177268981934,
    "seam_accel_delta": 0.4799613654613495,
    "peak_jerk": 3.518700361251831,
    "mean_jerk": 3.4975501894950867,
    "auj": 1.1658502855333237,
    "interpolation_mode": "hermite",
    "num_frames": 24
  }
}