{
  "segment_id": "skill_003_crouch_down",
  "segment_type": "skill",
  "skill_name": "crouch_down",
  "success": true,
  "num_frames": 203,
  "source_motion_path": "assets/motions/squat.pkl",
  "start_frame": 60,
  "end_frame": 304,
  "target_duration": null,
  "transition_type": null,
  "from_skill": null,
  "to_skill": null,
  "failed_reason": null,
  "final_root_pos": [
    1.7893890142440796,
    -1.845591425895691,
    0.7840126156806946
  ],
  "metrics": {
    "maje": 0.09559034556150436,
    "root_height_error": 0.005618060007691383,
    "root_pos_error": 0.043434444814920425,
    "root_rot_error": 0.1297546774148941,
    "velocity_error": 0.10264966636896133,
    "accel_error": 1.0959892272949219,
    "success_margin": 0.28165464401245116,
    "phase_lag_frame": 0,
    "num_steps": 203
  },
  "transition_metrics": null
}