{
  "segment_id": "skill_003_crouch_down",
  "segment_type": "skill",
  "skill_name": "crouch_down",
  "success": true,
  "num_frames": 203,
  "source_motion_path": "assets/motions/squat.pkl",
  "start_frame": 60,
  "end_frame": 304,
  "target_duration": null,
  "transition_type": null,
  "from_skill": null,
  "to_skill": null,
  "failed_reason": null,
  "final_root_pos": [
    1.8659662008285522,
    -1.5979658365249634,
    0.7839704751968384
  ],
  "metrics": {
    "maje": 0.09546944499015808,
    "root_height_error": 0.005616678856313229,
    "root_pos_error": 0.044134460389614105,
    "root_rot_error": 0.1268361359834671,
    "velocity_error": 0.10231504589319229,
    "accel_error": 1.0941604375839233,
    "success_margin": 0.28135384917259215,
    "phase_lag_frame": 0,
    "num_steps": 203
  },
  "transition_metrics": null
}