{
  "segment_id": "transition_001_walk_forward_to_kick_leg_post",
  "segment_type": "transition",
  "skill_name": null,
  "success": true,
  "num_frames": 39,
  "source_motion_path": null,
  "start_frame": null,
  "end_frame": null,
  "target_duration": null,
  "transition_type": "bridge_post",
  "from_skill": "walk_forward",
  "to_skill": "kick_leg",
  "failed_reason": null,
  "final_root_pos": [
    1.6882851123809814,
    -1.6710883378982544,
    0.766342043876648
  ],
  "metrics": {
    "maje": 0.04378725215792656,
    "root_height_error": 0.005910798441618681,
    "root_pos_error": 0.0357375293970108,
    "root_rot_error": 0.06821221113204956,
    "velocity_error": 0.1475026160478592,
    "accel_error": 1.2899229526519775,
    "success_margin": 0.5622255682945252,
    "phase_lag_frame": 14,
    "num_steps": 39
  },
  "transition_metrics": {
    "seam_vel_delta": 0.029531698673963547,
    "seam_accel_delta": 0.9840848445892334,
    "peak_jerk": 1.689856767654419,
    "mean_jerk": 1.6840727746486663,
    "auj": 1.1252552626988825,
    "interpolation_mode": "hermite",
    "num_frames": 24
  }
}