{
  "segment_id": "transition_001_walk_forward_to_kick_leg_post",
  "segment_type": "transition",
  "skill_name": null,
  "success": true,
  "num_frames": 39,
  "source_motion_path": null,
  "start_frame": null,
  "end_frame": null,
  "target_duration": null,
  "transition_type": "bridge_post",
  "from_skill": "walk_forward",
  "to_skill": "kick_leg",
  "failed_reason": null,
  "final_root_pos": [
    1.690966248512268,
    -1.6631706953048706,
    0.7712265849113464
  ],
  "metrics": {
    "maje": 0.051267389208078384,
    "root_height_error": 0.011690657585859299,
    "root_pos_error": 0.03801613673567772,
    "root_rot_error": 0.05023955553770065,
    "velocity_error": 0.16238099336624146,
    "accel_error": 1.568080186843872,
    "success_margin": 0.5593932747840882,
    "phase_lag_frame": 2,
    "num_steps": 39
  },
  "transition_metrics": {
    "seam_vel_delta": 0.013277869671583176,
    "seam_accel_delta": 2.0425784587860107,
    "peak_jerk": 2.815751791000366,
    "mean_jerk": 2.810680854320526,
    "auj": 1.8780265738521766,
    "interpolation_mode": "hermite",
    "num_frames": 24
  }
}