{
  "segment_id": "transition_001_walk_forward_to_kick_leg_post",
  "segment_type": "transition",
  "skill_name": null,
  "success": true,
  "num_frames": 39,
  "source_motion_path": null,
  "start_frame": null,
  "end_frame": null,
  "target_duration": null,
  "transition_type": "bridge_post",
  "from_skill": "walk_forward",
  "to_skill": "kick_leg",
  "failed_reason": null,
  "final_root_pos": [
    1.6866346597671509,
    -1.6739320755004883,
    0.7694023847579956
  ],
  "metrics": {
    "maje": 0.046210289001464844,
    "root_height_error": 0.005948295816779137,
    "root_pos_error": 0.033758100122213364,
    "root_rot_error": 0.06716661155223846,
    "velocity_error": 0.14490017294883728,
    "accel_error": 1.4461424350738525,
    "success_margin": 0.5620317935943604,
    "phase_lag_frame": 1,
    "num_steps": 39
  },
  "transition_metrics": {
    "seam_vel_delta": 0.029531698673963547,
    "seam_accel_delta": 0.9840848445892334,
    "peak_jerk": 1.689856767654419,
    "mean_jerk": 1.6840727746486663,
    "auj": 1.1252552626988825,
    "interpolation_mode": "hermite",
    "num_frames": 24
  }
}