{
  "task_id": "demo_walk_kick_crouch_stand",
  "total_segments": 8,
  "aggregate_tracking": {
    "mean_maje": 0.06657680403441191,
    "mean_root_height_error": 0.031923664442729205,
    "mean_root_pos_error": 0.17131618747953326,
    "mean_root_rot_error": 0.1549235808197409,
    "mean_velocity_error": 0.16344740614295006,
    "mean_accel_error": 1.4805270060896873,
    "mean_success_margin": 0.5215531319379807,
    "max_maje": 0.09559034556150436,
    "max_root_height_error": 0.19838199019432068,
    "min_success_margin": 0.28165464401245116,
    "mean_phase_lag_frame": 1.125,
    "max_phase_lag_frame": 15.0
  },
  "aggregate_transitions": {
    "mean_seam_vel_delta": 0.02742760442197323,
    "mean_seam_accel_delta": 1.4199641942977905,
    "mean_peak_jerk": 2.7426843643188477,
    "mean_mean_jerk": 2.7262929101785023,
    "mean_auj": 1.2953705751484639,
    "max_seam_vel_delta": 0.03678353503346443,
    "max_auj": 1.583166220896564,
    "hermite_count": 3,
    "linear_count": 0
  },
  "per_segment": [
    {
      "segment_id": "skill_001_walk_forward",
      "success": true,
      "maje": 0.0715835839509964,
      "root_height_error": 0.19838199019432068,
      "root_pos_error": 0.7882354259490967,
      "root_rot_error": 0.648786723613739,
      "velocity_error": 0.4434051215648651,
      "accel_error": 2.7194597721099854,
      "success_margin": 0.5674866914749146,
      "phase_lag_frame": -15,
      "seam_vel_delta": null,
      "seam_accel_delta": null,
      "peak_jerk": null,
      "mean_jerk": null,
      "auj": null
    },
    {
      "segment_id": "transition_001_walk_forward_to_kick_leg_body",
      "success": true,
      "maje": 0.06255869567394257,
      "root_height_error": 0.005975513719022274,
      "root_pos_error": 0.26880979537963867,
      "root_rot_error": 0.12750160694122314,
      "velocity_error": 0.1445821225643158,
      "accel_error": 1.6330126523971558,
      "success_margin": 0.5493157982826233,
      "phase_lag_frame": 1,
      "seam_vel_delta": null,
      "seam_accel_delta": null,
      "peak_jerk": null,
      "mean_jerk": null,
      "auj": null
    },
    {
      "segment_id": "transition_001_walk_forward_to_kick_leg_post",
      "success": true,
      "maje": 0.04378725215792656,
      "root_height_error": 0.005910798441618681,
      "root_pos_error": 0.0357375293970108,
      "root_rot_error": 0.06821221113204956,
      "velocity_error": 0.1475026160478592,
      "accel_error": 1.2899229526519775,
      "success_margin": 0.5622255682945252,
      "phase_lag_frame": 14,
      "seam_vel_delta": 0.029531698673963547,
      "seam_accel_delta": 0.9840848445892334,
      "peak_jerk": 1.689856767654419,
      "mean_jerk": 1.6840727746486663,
      "auj": 1.1252552626988825
    },
    {
      "segment_id": "skill_002_kick_leg",
      "success": true,
      "maje": 0.089145228266716,
      "root_height_error": 0.01704310066998005,
      "root_pos_error": 0.13689278066158295,
      "root_rot_error": 0.11093279719352722,
      "velocity_error": 0.1703176647424698,
      "accel_error": 2.1755435466766357,
      "success_margin": 0.5014252543449402,
      "phase_lag_frame": 15,
      "seam_vel_delta": null,
      "seam_accel_delta": null,
      "peak_jerk": null,
      "mean_jerk": null,
      "auj": null
    },
    {
      "segment_id": "transition_002_kick_leg_to_crouch_down",
      "success": true,
      "maje": 0.058696258813142776,
      "root_height_error": 0.007787644863128662,
      "root_pos_error": 0.009138545952737331,
      "root_rot_error": 0.029400521889328957,
      "velocity_error": 0.05473729223012924,
      "accel_error": 0.619571328163147,
      "success_margin": 0.5774574160575867,
      "phase_lag_frame": -15,
      "seam_vel_delta": 0.015967579558491707,
      "seam_accel_delta": 0.4904903173446655,
      "peak_jerk": 3.5688939094543457,
      "mean_jerk": 3.5330700516700744,
      "auj": 1.1776902418499455
    },
    {
      "segment_id": "skill_003_crouch_down",
      "success": true,
      "maje": 0.09559034556150436,
      "root_height_error": 0.005618060007691383,
      "root_pos_error": 0.043434444814920425,
      "root_rot_error": 0.1297546774148941,
      "velocity_error": 0.10264966636896133,
      "accel_error": 1.0959892272949219,
      "success_margin": 0.28165464401245116,
      "phase_lag_frame": 0,
      "seam_vel_delta": null,
      "seam_accel_delta": null,
      "peak_jerk": null,
      "mean_jerk": null,
      "auj": null
    },
    {
      "segment_id": "transition_003_crouch_down_to_stand_up",
      "success": true,
      "maje": 0.050660837441682816,
      "root_height_error": 0.007742881774902344,
      "root_pos_error": 0.025317924097180367,
      "root_rot_error": 0.05586271733045578,
      "velocity_error": 0.12473791092634201,
      "accel_error": 0.8667643666267395,
      "success_margin": 0.5815652489662171,
      "phase_lag_frame": 11,
      "seam_vel_delta": 0.03678353503346443,
      "seam_accel_delta": 2.7853174209594727,
      "peak_jerk": 2.9693024158477783,
      "mean_jerk": 2.9617359042167664,
      "auj": 1.583166220896564
    },
    {
      "segment_id": "skill_004_stand_up",
      "success": true,
      "maje": 0.060592230409383774,
      "root_height_error": 0.006929325871169567,
      "root_pos_error": 0.06296305358409882,
      "root_rot_error": 0.06893739104270935,
      "velocity_error": 0.11964685469865799,
      "accel_error": 1.443952202796936,
      "success_margin": 0.5512944340705872,
      "phase_lag_frame": -2,
      "seam_vel_delta": null,
      "seam_accel_delta": null,
      "peak_jerk": null,
      "mean_jerk": null,
      "auj": null
    }
  ]
}