{
  "task_id": "demo_walk_kick_crouch_stand",
  "total_segments": 8,
  "aggregate_tracking": {
    "mean_maje": 0.06215263810008764,
    "mean_root_height_error": 0.03253628948004916,
    "mean_root_pos_error": 0.1700941317831166,
    "mean_root_rot_error": 0.16282387869432569,
    "mean_velocity_error": 0.15775292785838246,
    "mean_accel_error": 1.4938281327486038,
    "mean_success_margin": 0.5224831059575081,
    "max_maje": 0.08987405151128769,
    "max_root_height_error": 0.19838199019432068,
    "min_success_margin": 0.28380106687545775,
    "mean_phase_lag_frame": -0.125,
    "max_phase_lag_frame": 12.0
  },
  "aggregate_transitions": {
    "mean_seam_vel_delta": 0.01777094230055809,
    "mean_seam_accel_delta": 1.3912502527236938,
    "mean_peak_jerk": 2.662933031717936,
    "mean_mean_jerk": 2.6507172137498856,
    "mean_auj": 1.3368845662032873,
    "max_seam_vel_delta": 0.03366902843117714,
    "max_auj": 1.8780265738521766,
    "hermite_count": 3,
    "linear_count": 0
  },
  "per_segment": [
    {
      "segment_id": "skill_001_walk_forward",
      "success": true,
      "maje": 0.0715835839509964,
      "root_height_error": 0.19838199019432068,
      "root_pos_error": 0.7882354259490967,
      "root_rot_error": 0.648786723613739,
      "velocity_error": 0.4434051215648651,
      "accel_error": 2.7194597721099854,
      "success_margin": 0.5674866914749146,
      "phase_lag_frame": -15,
      "seam_vel_delta": null,
      "seam_accel_delta": null,
      "peak_jerk": null,
      "mean_jerk": null,
      "auj": null
    },
    {
      "segment_id": "transition_001_walk_forward_to_kick_leg_body",
      "success": true,
      "maje": 0.06255869567394257,
      "root_height_error": 0.005975513719022274,
      "root_pos_error": 0.26880979537963867,
      "root_rot_error": 0.12750160694122314,
      "velocity_error": 0.1445821225643158,
      "accel_error": 1.6330126523971558,
      "success_margin": 0.5493157982826233,
      "phase_lag_frame": 1,
      "seam_vel_delta": null,
      "seam_accel_delta": null,
      "peak_jerk": null,
      "mean_jerk": null,
      "auj": null
    },
    {
      "segment_id": "transition_001_walk_forward_to_kick_leg_post",
      "success": true,
      "maje": 0.051267389208078384,
      "root_height_error": 0.011690657585859299,
      "root_pos_error": 0.03801613673567772,
      "root_rot_error": 0.05023955553770065,
      "velocity_error": 0.16238099336624146,
      "accel_error": 1.568080186843872,
      "success_margin": 0.5593932747840882,
      "phase_lag_frame": 2,
      "seam_vel_delta": 0.013277869671583176,
      "seam_accel_delta": 2.0425784587860107,
      "peak_jerk": 2.815751791000366,
      "mean_jerk": 2.810680854320526,
      "auj": 1.8780265738521766
    },
    {
      "segment_id": "skill_002_kick_leg",
      "success": true,
      "maje": 0.08835086226463318,
      "root_height_error": 0.013174323365092278,
      "root_pos_error": 0.08662388473749161,
      "root_rot_error": 0.21286852657794952,
      "velocity_error": 0.1726682186126709,
      "accel_error": 2.1684679985046387,
      "success_margin": 0.5057673335075379,
      "phase_lag_frame": 12,
      "seam_vel_delta": null,
      "seam_accel_delta": null,
      "peak_jerk": null,
      "mean_jerk": null,
      "auj": null
    },
    {
      "segment_id": "transition_002_kick_leg_to_crouch_down",
      "success": true,
      "maje": 0.042266327887773514,
      "root_height_error": 0.005099266767501831,
      "root_pos_error": 0.008061492815613747,
      "root_rot_error": 0.04064931347966194,
      "velocity_error": 0.052875857800245285,
      "accel_error": 0.8852661848068237,
      "success_margin": 0.5782541513442994,
      "phase_lag_frame": -9,
      "seam_vel_delta": 0.006365928798913956,
      "seam_accel_delta": 0.44799041748046875,
      "peak_jerk": 3.086172580718994,
      "mean_jerk": 3.06001193523407,
      "auj": 1.020004172961713
    },
    {
      "segment_id": "skill_003_crouch_down",
      "success": true,
      "maje": 0.08987405151128769,
      "root_height_error": 0.0068441168405115604,
      "root_pos_error": 0.04164103791117668,
      "root_rot_error": 0.11967340111732483,
      "velocity_error": 0.08967819809913635,
      "accel_error": 0.9383352994918823,
      "success_margin": 0.28380106687545775,
      "phase_lag_frame": 0,
      "seam_vel_delta": null,
      "seam_accel_delta": null,
      "peak_jerk": null,
      "mean_jerk": null,
      "auj": null
    },
    {
      "segment_id": "transition_003_crouch_down_to_stand_up",
      "success": true,
      "maje": 0.03200313821434975,
      "root_height_error": 0.008173812180757523,
      "root_pos_error": 0.007679194677621126,
      "root_rot_error": 0.01692592352628708,
      "velocity_error": 0.07214805483818054,
      "accel_error": 0.61393141746521,
      "success_margin": 0.583516526222229,
      "phase_lag_frame": 6,
      "seam_vel_delta": 0.03366902843117714,
      "seam_accel_delta": 1.683181881904602,
      "peak_jerk": 2.0868747234344482,
      "mean_jerk": 2.0814588516950607,
      "auj": 1.112622951795972
    },
    {
      "segment_id": "skill_004_stand_up",
      "success": true,
      "maje": 0.059317056089639664,
      "root_height_error": 0.010950635187327862,
      "root_pos_error": 0.12168608605861664,
      "root_rot_error": 0.0859459787607193,
      "velocity_error": 0.12428485602140427,
      "accel_error": 1.4240715503692627,
      "success_margin": 0.5523300051689148,
      "phase_lag_frame": 2,
      "seam_vel_delta": null,
      "seam_accel_delta": null,
      "peak_jerk": null,
      "mean_jerk": null,
      "auj": null
    }
  ]
}