{
  "task_id": "demo_walk_kick_crouch_stand",
  "total_segments": 9,
  "aggregate_tracking": {
    "mean_maje": 0.06509382443295585,
    "mean_root_height_error": 0.007918791405649649,
    "mean_root_pos_error": 0.10526201656709115,
    "mean_root_rot_error": 0.10554295633402136,
    "mean_velocity_error": 0.12638337165117264,
    "mean_accel_error": 1.224020520846049,
    "mean_success_margin": 0.524233521355523,
    "mean_max_abs_roll": 0.11447011751847135,
    "mean_max_abs_pitch": 0.19044463667604658,
    "mean_mean_qvel_norm": 2.9951193465126886,
    "mean_max_qvel_norm": 8.211648093329536,
    "mean_mean_root_velocity_norm": 0.2730558038585716,
    "mean_max_root_velocity_norm": 0.6195114817884233,
    "mean_foot_contact_switch_count": 11.0,
    "mean_foot_contact_consistency": 0.9805671126547253,
    "mean_foot_sliding": 0.2627527442883143,
    "max_maje": 0.09587815403938293,
    "max_root_height_error": 0.014313952066004276,
    "max_max_abs_roll": 0.65582275390625,
    "max_max_abs_pitch": 0.71465003490448,
    "max_max_qvel_norm": 16.929893493652344,
    "max_max_root_velocity_norm": 1.034125566482544,
    "max_foot_sliding": 0.6468762907588825,
    "min_success_margin": 0.28127901554107665,
    "min_foot_contact_consistency": 0.9605263157894737,
    "mean_phase_lag_frame": -2.6666666666666665,
    "max_phase_lag_frame": 12.0
  },
  "aggregate_transitions": {
    "mean_seam_vel_delta": 0.021753714730342228,
    "mean_seam_accel_delta": 1.8702278137207031,
    "mean_peak_jerk": 3.1200449466705322,
    "mean_mean_jerk": 3.106383461753527,
    "mean_auj": 1.5240951980471504,
    "mean_root_position_jump": 0.0,
    "mean_root_yaw_jump_deg": 9.14098202332231e-06,
    "mean_root_height_jump": 0.0,
    "mean_base_velocity_jump": 0.021753714730342228,
    "mean_dof_position_jump_mean": 0.0,
    "mean_dof_position_jump_max": 0.0,
    "mean_phase_compatibility_score": 0.9945792272255479,
    "max_seam_vel_delta": 0.03556094691157341,
    "max_auj": 1.8448813645368607,
    "max_root_position_jump": 0.0,
    "max_root_yaw_jump_deg": 1.3608601021699585e-05,
    "max_base_velocity_jump": 0.03556094691157341,
    "min_phase_compatibility_score": 0.9911490575044521,
    "hermite_count": 3,
    "linear_count": 0
  },
  "per_segment": [
    {
      "segment_id": "stabilization_000_stand_ready",
      "success": true,
      "first_second_stability": {
        "num_steps": 50,
        "min_base_height": 0.7693877816200256,
        "mean_base_height": 0.7803751230239868,
        "max_base_height": 0.782300591468811,
        "max_abs_roll": 0.04575720056891441,
        "max_abs_pitch": 0.06302249431610107,
        "max_qvel_norm": 11.195173263549805,
        "mean_qvel_norm": 1.3058803081512451,
        "max_root_velocity_norm": 0.2767706513404846,
        "mean_root_velocity_norm": 0.04933488741517067,
        "left_foot_contact_ratio": 1.0,
        "right_foot_contact_ratio": 1.0,
        "both_feet_contact_ratio": 1.0,
        "no_foot_contact_ratio": 0.0
      },
      "maje": 0.051232293248176575,
      "root_height_error": 0.014313952066004276,
      "root_pos_error": 0.011991827748715878,
      "root_rot_error": 0.08220680058002472,
      "velocity_error": 0.03858451172709465,
      "accel_error": 0.37171870470046997,
      "success_margin": 0.5693877816200257,
      "max_abs_roll": 0.04575720056891441,
      "max_abs_pitch": 0.06515809893608093,
      "mean_qvel_norm": 0.9162836074829102,
      "max_qvel_norm": 11.195173263549805,
      "mean_root_velocity_norm": 0.03858451172709465,
      "max_root_velocity_norm": 0.2767706513404846,
      "foot_contact_switch_count": 0,
      "foot_contact_consistency": 1.0,
      "foot_sliding": 0.07630563263228396,
      "phase_lag_frame": -15,
      "seam_vel_delta": null,
      "seam_accel_delta": null,
      "peak_jerk": null,
      "mean_jerk": null,
      "auj": null,
      "root_position_jump": null,
      "root_yaw_jump_deg": null,
      "root_height_jump": null,
      "base_velocity_jump": null,
      "dof_position_jump_mean": null,
      "dof_position_jump_max": null,
      "phase_compatibility_score": null
    },
    {
      "segment_id": "skill_001_walk_forward",
      "success": true,
      "first_second_stability": {
        "num_steps": 50,
        "min_base_height": 0.7671911716461182,
        "mean_base_height": 0.7777892351150513,
        "max_base_height": 0.7841343879699707,
        "max_abs_roll": 0.03532712534070015,
        "max_abs_pitch": 0.09991873800754547,
        "max_qvel_norm": 8.061741828918457,
        "mean_qvel_norm": 4.151236057281494,
        "max_root_velocity_norm": 0.6916314959526062,
        "mean_root_velocity_norm": 0.32321974635124207,
        "left_foot_contact_ratio": 0.56,
        "right_foot_contact_ratio": 0.5,
        "both_feet_contact_ratio": 0.06,
        "no_foot_contact_ratio": 0.0
      },
      "maje": 0.06667342036962509,
      "root_height_error": 0.0032204848248511553,
      "root_pos_error": 0.3740151524543762,
      "root_rot_error": 0.23127371072769165,
      "velocity_error": 0.25226226449012756,
      "accel_error": 1.7378592491149902,
      "success_margin": 0.5550278306007386,
      "max_abs_roll": 0.04047146812081337,
      "max_abs_pitch": 0.10481660068035126,
      "mean_qvel_norm": 4.290309906005859,
      "max_qvel_norm": 8.475915908813477,
      "mean_root_velocity_norm": 0.620671272277832,
      "max_root_velocity_norm": 0.9991518259048462,
      "foot_contact_switch_count": 35,
      "foot_contact_consistency": 0.964859437751004,
      "foot_sliding": 0.6468762907588825,
      "phase_lag_frame": -15,
      "seam_vel_delta": null,
      "seam_accel_delta": null,
      "peak_jerk": null,
      "mean_jerk": null,
      "auj": null,
      "root_position_jump": null,
      "root_yaw_jump_deg": null,
      "root_height_jump": null,
      "base_velocity_jump": null,
      "dof_position_jump_mean": null,
      "dof_position_jump_max": null,
      "phase_compatibility_score": null
    },
    {
      "segment_id": "transition_001_walk_forward_to_kick_leg_body",
      "success": true,
      "first_second_stability": {
        "num_steps": 50,
        "min_base_height": 0.7685359716415405,
        "mean_base_height": 0.7770107984542847,
        "max_base_height": 0.7804747819900513,
        "max_abs_roll": 0.05550187826156616,
        "max_abs_pitch": 0.0846053957939148,
        "max_qvel_norm": 4.730700969696045,
        "mean_qvel_norm": 1.8347102403640747,
        "max_root_velocity_norm": 0.4550475478172302,
        "mean_root_velocity_norm": 0.17216520011425018,
        "left_foot_contact_ratio": 0.94,
        "right_foot_contact_ratio": 0.6,
        "both_feet_contact_ratio": 0.54,
        "no_foot_contact_ratio": 0.0
      },
      "maje": 0.06081758439540863,
      "root_height_error": 0.006735897623002529,
      "root_pos_error": 0.26485908031463623,
      "root_rot_error": 0.09402871131896973,
      "velocity_error": 0.13966545462608337,
      "accel_error": 1.4903430938720703,
      "success_margin": 0.5494598627090455,
      "max_abs_roll": 0.07017147541046143,
      "max_abs_pitch": 0.12770172953605652,
      "mean_qvel_norm": 3.159580707550049,
      "max_qvel_norm": 6.928825378417969,
      "mean_root_velocity_norm": 0.4874643087387085,
      "max_root_velocity_norm": 1.034125566482544,
      "foot_contact_switch_count": 25,
      "foot_contact_consistency": 0.9689054726368159,
      "foot_sliding": 0.5155911636488781,
      "phase_lag_frame": 1,
      "seam_vel_delta": null,
      "seam_accel_delta": null,
      "peak_jerk": null,
      "mean_jerk": null,
      "auj": null,
      "root_position_jump": null,
      "root_yaw_jump_deg": null,
      "root_height_jump": null,
      "base_velocity_jump": null,
      "dof_position_jump_mean": null,
      "dof_position_jump_max": null,
      "phase_compatibility_score": null
    },
    {
      "segment_id": "transition_001_walk_forward_to_kick_leg_post",
      "success": true,