{
  "task_id": "demo_walk_kick_crouch_stand",
  "total_segments": 8,
  "aggregate_tracking": {
    "mean_maje": 0.06753129698336124,
    "mean_root_height_error": 0.03144600061932579,
    "mean_root_pos_error": 0.21074649970978498,
    "mean_root_rot_error": 0.1885609827004373,
    "mean_velocity_error": 0.1659028590656817,
    "mean_accel_error": 1.5011944845318794,
    "mean_success_margin": 0.521580345183611,
    "max_maje": 0.09546944499015808,
    "max_root_height_error": 0.19838199019432068,
    "min_success_margin": 0.28135384917259215,
    "mean_phase_lag_frame": -1.125,
    "max_phase_lag_frame": 15.0
  },
  "aggregate_transitions": {
    "mean_seam_vel_delta": 0.026506468653678894,
    "mean_seam_accel_delta": 1.4694363176822662,
    "mean_peak_jerk": 2.5119720300038657,
    "mean_mean_jerk": 2.5012675563494366,
    "mean_auj": 1.177467805880406,
    "max_seam_vel_delta": 0.0336175300180912,
    "max_auj": 1.2412978694090115,
    "hermite_count": 3,
    "linear_count": 0
  },
  "per_segment": [
    {
      "segment_id": "skill_001_walk_forward",
      "success": true,
      "maje": 0.0715835839509964,
      "root_height_error": 0.19838199019432068,
      "root_pos_error": 0.7882354259490967,
      "root_rot_error": 0.648786723613739,
      "velocity_error": 0.4434051215648651,
      "accel_error": 2.7194597721099854,
      "success_margin": 0.5674866914749146,
      "phase_lag_frame": -15,
      "seam_vel_delta": null,
      "seam_accel_delta": null,
      "peak_jerk": null,
      "mean_jerk": null,
      "auj": null
    },
    {
      "segment_id": "transition_001_walk_forward_to_kick_leg_body",
      "success": true,
      "maje": 0.06255869567394257,
      "root_height_error": 0.005975513719022274,
      "root_pos_error": 0.26880979537963867,
      "root_rot_error": 0.12750160694122314,
      "velocity_error": 0.1445821225643158,
      "accel_error": 1.6330126523971558,
      "success_margin": 0.5493157982826233,
      "phase_lag_frame": 1,
      "seam_vel_delta": null,
      "seam_accel_delta": null,
      "peak_jerk": null,
      "mean_jerk": null,
      "auj": null
    },
    {
      "segment_id": "transition_001_walk_forward_to_kick_leg_post",
      "success": true,
      "maje": 0.046210289001464844,
      "root_height_error": 0.005948295816779137,
      "root_pos_error": 0.033758100122213364,
      "root_rot_error": 0.06716661155223846,
      "velocity_error": 0.14490017294883728,
      "accel_error": 1.4461424350738525,
      "success_margin": 0.5620317935943604,
      "phase_lag_frame": 1,
      "seam_vel_delta": 0.029531698673963547,
      "seam_accel_delta": 0.9840848445892334,
      "peak_jerk": 1.689856767654419,
      "mean_jerk": 1.6840727746486663,
      "auj": 1.1252552626988825
    },
    {
      "segment_id": "skill_002_kick_leg",
      "success": true,
      "maje": 0.08918637037277222,
      "root_height_error": 0.014793608337640762,
      "root_pos_error": 0.09590005874633789,
      "root_rot_error": 0.2573220431804657,
      "velocity_error": 0.1744612455368042,
      "accel_error": 2.1525180339813232,
      "success_margin": 0.5045942544937134,
      "phase_lag_frame": 15,
      "seam_vel_delta": null,
      "seam_accel_delta": null,
      "peak_jerk": null,
      "mean_jerk": null,
      "auj": null
    },
    {
      "segment_id": "transition_002_kick_leg_to_crouch_down",
      "success": true,
      "maje": 0.05944424122571945,
      "root_height_error": 0.007819319143891335,
      "root_pos_error": 0.009597958996891975,
      "root_rot_error": 0.033291351050138474,
      "velocity_error": 0.055823277682065964,
      "accel_error": 0.7172426581382751,
      "success_margin": 0.5776385545730591,
      "phase_lag_frame": -15,
      "seam_vel_delta": 0.016370177268981934,
      "seam_accel_delta": 0.4799613654613495,
      "peak_jerk": 3.518700361251831,
      "mean_jerk": 3.4975501894950867,
      "auj": 1.1658502855333237
    },
    {
      "segment_id": "skill_003_crouch_down",
      "success": true,
      "maje": 0.09546944499015808,
      "root_height_error": 0.005616678856313229,
      "root_pos_error": 0.044134460389614105,
      "root_rot_error": 0.1268361359834671,
      "velocity_error": 0.10231504589319229,
      "accel_error": 1.0941604375839233,
      "success_margin": 0.28135384917259215,
      "phase_lag_frame": 0,
      "seam_vel_delta": null,
      "seam_accel_delta": null,
      "peak_jerk": null,
      "mean_jerk": null,
      "auj": null
    },
    {
      "segment_id": "transition_003_crouch_down_to_stand_up",
      "success": true,
      "maje": 0.05407913774251938,
      "root_height_error": 0.007282231003046036,
      "root_pos_error": 0.018779071047902107,
      "root_rot_error": 0.050268009305000305,
      "velocity_error": 0.0984131395816803,
      "accel_error": 0.7604844570159912,
      "success_margin": 0.5792628407478333,
      "phase_lag_frame": 6,
      "seam_vel_delta": 0.0336175300180912,
      "seam_accel_delta": 2.944262742996216,
      "peak_jerk": 2.3273589611053467,
      "mean_jerk": 2.3221797049045563,
      "auj": 1.2412978694090115
    },
    {
      "segment_id": "skill_004_stand_up",
      "success": true,
      "maje": 0.06171861290931702,
      "root_height_error": 0.005750367883592844,
      "root_pos_error": 0.4267571270465851,
      "root_rot_error": 0.19731537997722626,
      "velocity_error": 0.16332274675369263,
      "accel_error": 1.4865354299545288,
      "success_margin": 0.5509589791297913,
      "phase_lag_frame": -2,
      "seam_vel_delta": null,
      "seam_accel_delta": null,
      "peak_jerk": null,
      "mean_jerk": null,
      "auj": null
    }
  ]
}