{
  "segment_id": "skill_004_stand_up",
  "segment_type": "skill",
  "skill_name": "stand_up",
  "success": true,
  "num_frames": 368,
  "source_motion_path": "assets/motions/walk_stand.pkl",
  "start_frame": 1,
  "end_frame": 222,
  "target_duration": null,
  "transition_type": null,
  "from_skill": null,
  "to_skill": null,
  "failed_reason": null,
  "final_root_pos": [
    3.290470600128174,
    -4.868566036224365,
    0.7857081890106201
  ],
  "metrics": {
    "maje": 0.059317056089639664,
    "root_height_error": 0.010950635187327862,
    "root_pos_error": 0.12168608605861664,
    "root_rot_error": 0.0859459787607193,
    "velocity_error": 0.12428485602140427,
    "accel_error": 1.4240715503692627,
    "success_margin": 0.5523300051689148,
    "phase_lag_frame": 2,
    "num_steps": 368
  },
  "transition_metrics": null
}