{
  "segment_id": "skill_004_stand_up",
  "segment_type": "skill",
  "skill_name": "stand_up",
  "success": true,
  "num_frames": 355,
  "source_motion_path": "assets/motions/walk_stand.pkl",
  "start_frame": 9,
  "end_frame": 222,
  "target_duration": null,
  "transition_type": null,
  "from_skill": null,
  "to_skill": null,
  "failed_reason": null,
  "final_root_pos": [
    3.593369960784912,
    -4.880413055419922,
    0.7852572798728943
  ],
  "metrics": {
    "maje": 0.060592230409383774,
    "root_height_error": 0.006929325871169567,
    "root_pos_error": 0.06296305358409882,
    "root_rot_error": 0.06893739104270935,
    "velocity_error": 0.11964685469865799,
    "accel_error": 1.443952202796936,
    "success_margin": 0.5512944340705872,
    "phase_lag_frame": -2,
    "num_steps": 355
  },
  "transition_metrics": null
}