{
  "segment_id": "transition_003_crouch_down_to_stand_up",
  "segment_type": "transition",
  "skill_name": null,
  "success": true,
  "num_frames": 32,
  "source_motion_path": null,
  "start_frame": null,
  "end_frame": null,
  "target_duration": null,
  "transition_type": "interpolation",
  "from_skill": "crouch_down",
  "to_skill": "stand_up",
  "failed_reason": null,
  "final_root_pos": [
    1.9087762832641602,
    -1.5592081546783447,
    0.7797684669494629
  ],
  "metrics": {
    "maje": 0.05407913774251938,
    "root_height_error": 0.007282231003046036,
    "root_pos_error": 0.018779071047902107,
    "root_rot_error": 0.050268009305000305,
    "velocity_error": 0.0984131395816803,
    "accel_error": 0.7604844570159912,
    "success_margin": 0.5792628407478333,
    "phase_lag_frame": 6,
    "num_steps": 32
  },
  "transition_metrics": {
    "seam_vel_delta": 0.0336175300180912,
    "seam_accel_delta": 2.944262742996216,
    "peak_jerk": 2.3273589611053467,
    "mean_jerk": 2.3221797049045563,
    "auj": 1.2412978694090115,
    "interpolation_mode": "hermite",
    "num_frames": 20
  }
}