{
  "segment_id": "transition_003_crouch_down_to_stand_up",
  "segment_type": "transition",
  "skill_name": null,
  "success": true,
  "num_frames": 32,
  "source_motion_path": null,
  "start_frame": null,
  "end_frame": null,
  "target_duration": null,
  "transition_type": "interpolation",
  "from_skill": "crouch_down",
  "to_skill": "stand_up",
  "failed_reason": null,
  "final_root_pos": [
    1.8279662132263184,
    -1.7829844951629639,
    0.781565248966217
  ],
  "metrics": {
    "maje": 0.050660837441682816,
    "root_height_error": 0.007742881774902344,
    "root_pos_error": 0.025317924097180367,
    "root_rot_error": 0.05586271733045578,
    "velocity_error": 0.12473791092634201,
    "accel_error": 0.8667643666267395,
    "success_margin": 0.5815652489662171,
    "phase_lag_frame": 11,
    "num_steps": 32
  },
  "transition_metrics": {
    "seam_vel_delta": 0.03678353503346443,
    "seam_accel_delta": 2.7853174209594727,
    "peak_jerk": 2.9693024158477783,
    "mean_jerk": 2.9617359042167664,
    "auj": 1.583166220896564,
    "interpolation_mode": "hermite",
    "num_frames": 20
  }
}